Cluster ID,Match Start,Match Stop,Duration,Match Score,Query Path
1,15.584,34.824,19.24,285,panako/baechulsu/clips/20260105/clip_000005_015000.mp3
2,446.768,465.728,18.96,532,panako/baechulsu/clips/20260105/clip_000199_597000.mp3
2,449.72,468.848,19.13,452,panako/baechulsu/clips/20260105/clip_000200_600000.mp3
2,458.256,477.288,19.03,469,panako/baechulsu/clips/20260105/clip_000203_609000.mp3
2,461.192,480.68,19.49,442,panako/baechulsu/clips/20260105/clip_000204_612000.mp3
2,467.352,486.496,19.14,509,panako/baechulsu/clips/20260105/clip_000206_618000.mp3
2,473.736,492.52,18.78,644,panako/baechulsu/clips/20260105/clip_000208_624000.mp3
2,485.448,504.544,19.1,839,panako/baechulsu/clips/20260105/clip_000212_636000.mp3
2,488.296,507.888,19.59,837,panako/baechulsu/clips/20260105/clip_000213_639000.mp3
2,491.24,510.328,19.09,743,panako/baechulsu/clips/20260105/clip_000214_642000.mp3
2,497.224,516.768,19.54,590,panako/baechulsu/clips/20260105/clip_000216_648000.mp3
2,515.208,534.496,19.29,854,panako/baechulsu/clips/20260105/clip_000222_666000.mp3
2,542.568,561.52,18.95,666,panako/baechulsu/clips/20260105/clip_000231_693000.mp3
2,548.272,567.8,19.53,714,panako/baechulsu/clips/20260105/clip_000233_699000.mp3
2,554.24,573.664,19.42,1008,panako/baechulsu/clips/20260105/clip_000235_705000.mp3
2,557.2,576.688,19.49,884,panako/baechulsu/clips/20260105/clip_000236_708000.mp3
2,581.608,600.816,19.21,289,panako/baechulsu/clips/20260105/clip_000244_732000.mp3
2,594.832,612.704,17.87,492,panako/baechulsu/clips/20260105/clip_000248_744000.mp3
2,599.296,618.704,19.41,678,panako/baechulsu/clips/20260105/clip_000250_750000.mp3
2,623.392,642.504,19.11,377,panako/baechulsu/clips/20260105/clip_000258_774000.mp3
2,626.176,645.72,19.54,448,panako/baechulsu/clips/20260105/clip_000259_777000.mp3
2,632.224,651.216,18.99,507,panako/baechulsu/clips/20260105/clip_000261_783000.mp3
2,638.248,653.336,15.09,368,panako/baechulsu/clips/20260105/clip_000263_789000.mp3
3,1723.584,1732.032,8.45,522,panako/baechulsu/clips/20260105/clip_000571_1713000.mp3
3,1719.648,1737.848,18.2,876,panako/baechulsu/clips/20260105/clip_000573_1719000.mp3
3,1730.464,1749.816,19.35,731,panako/baechulsu/clips/20260105/clip_000577_1731000.mp3
4,5387.464,5405.864,18.4,1016,panako/baechulsu/clips/20260105/clip_000596_1788000.mp3
4,1790.488,1807.104,16.62,808,panako/baechulsu/clips/20260105/clip_000597_1791000.mp3
5,3054.312,3072.808,18.5,483,panako/baechulsu/clips/20260105/clip_000952_2856000.mp3
5,3056.736,3075.952,19.22,476,panako/baechulsu/clips/20260105/clip_000953_2859000.mp3
5,3059.736,3079.184,19.45,613,panako/baechulsu/clips/20260105/clip_000954_2862000.mp3
5,3065.664,3085.0,19.34,544,panako/baechulsu/clips/20260105/clip_000956_2868000.mp3
5,3071.624,3090.816,19.19,460,panako/baechulsu/clips/20260105/clip_000958_2874000.mp3
5,3083.768,3102.68,18.91,554,panako/baechulsu/clips/20260105/clip_000962_2886000.mp3
5,3098.608,3118.04,19.43,594,panako/baechulsu/clips/20260105/clip_000967_2901000.mp3
5,3101.672,3121.072,19.4,401,panako/baechulsu/clips/20260105/clip_000968_2904000.mp3
5,3113.72,3133.024,19.3,376,panako/baechulsu/clips/20260105/clip_000972_2916000.mp3
5,3122.592,3141.944,19.35,325,panako/baechulsu/clips/20260105/clip_000975_2925000.mp3
5,3134.664,3153.936,19.27,367,panako/baechulsu/clips/20260105/clip_000979_2937000.mp3
5,3144.352,3163.224,18.87,527,panako/baechulsu/clips/20260105/clip_000982_2946000.mp3
5,3153.368,3172.24,18.87,643,panako/baechulsu/clips/20260105/clip_000985_2955000.mp3
5,3158.656,3178.152,19.5,649,panako/baechulsu/clips/20260105/clip_000987_2961000.mp3
5,3164.664,3183.872,19.21,694,panako/baechulsu/clips/20260105/clip_000989_2967000.mp3
5,3173.88,3193.184,19.3,672,panako/baechulsu/clips/20260105/clip_000992_2976000.mp3
5,3177.28,3195.032,17.75,830,panako/baechulsu/clips/20260105/clip_000993_2979000.mp3
5,3185.664,3204.616,18.95,802,panako/baechulsu/clips/20260105/clip_000996_2988000.mp3
5,3197.616,3213.088,15.47,716,panako/baechulsu/clips/20260105/clip_001000_3000000.mp3
6,3409.464,3424.064,14.6,546,panako/baechulsu/clips/20260105/clip_001135_3405000.mp3
6,3443.664,3462.208,18.54,790,panako/baechulsu/clips/20260105/clip_001148_3444000.mp3
6,3464.504,3484.032,19.53,685,panako/baechulsu/clips/20260105/clip_001155_3465000.mp3
6,3479.424,3498.56,19.14,437,panako/baechulsu/clips/20260105/clip_001160_3480000.mp3
6,3482.512,3501.96,19.45,431,panako/baechulsu/clips/20260105/clip_001161_3483000.mp3
6,3494.416,3513.72,19.3,832,panako/baechulsu/clips/20260105/clip_001165_3495000.mp3
6,3497.4,3516.992,19.59,910,panako/baechulsu/clips/20260105/clip_001166_3498000.mp3
6,3530.736,3549.752,19.02,564,panako/baechulsu/clips/20260105/clip_001177_3531000.mp3
6,3533.528,3553.0,19.47,628,panako/baechulsu/clips/20260105/clip_001178_3534000.mp3
6,3539.408,3558.896,19.49,666,panako/baechulsu/clips/20260105/clip_001180_3540000.mp3
6,3543.976,3561.504,17.53,716,panako/baechulsu/clips/20260105/clip_001181_3543000.mp3
6,3554.416,3573.896,19.48,967,panako/baechulsu/clips/20260105/clip_001185_3555000.mp3
6,3587.408,3606.152,18.74,529,panako/baechulsu/clips/20260105/clip_001196_3588000.mp3
6,3596.464,3606.152,9.69,269,panako/baechulsu/clips/20260105/clip_001199_3597000.mp3
7,574.488,586.04,11.55,245,panako/baechulsu/clips/20260105/clip_001290_3870000.mp3
7,3918.552,3938.048,19.5,535,panako/baechulsu/clips/20260105/clip_001297_3891000.mp3
7,3927.552,3947.168,19.62,591,panako/baechulsu/clips/20260105/clip_001300_3900000.mp3
7,3931.128,3950.16,19.03,624,panako/baechulsu/clips/20260105/clip_001301_3903000.mp3
7,3948.56,3964.064,15.5,491,panako/baechulsu/clips/20260105/clip_001307_3921000.mp3
7,3951.664,3964.064,12.4,415,panako/baechulsu/clips/20260105/clip_001308_3924000.mp3
8,5321.536,5340.776,19.24,530,panako/baechulsu/clips/20260105/clip_001774_5322000.mp3
8,3464.504,3482.744,18.24,542,panako/baechulsu/clips/20260105/clip_001775_5325000.mp3
8,3523.512,3541.312,17.8,614,panako/baechulsu/clips/20260105/clip_001788_5364000.mp3
8,5366.48,5385.976,19.5,733,panako/baechulsu/clips/20260105/clip_001789_5367000.mp3
9,6528.672,6541.464,12.79,281,panako/baechulsu/clips/20260105/clip_002214_6642000.mp3
9,6531.368,6550.896,19.53,304,panako/baechulsu/clips/20260105/clip_002217_6651000.mp3
9,6534.521,6553.536,19.02,436,panako/baechulsu/clips/20260105/clip_002218_6654000.mp3
9,6537.32,6556.792,19.47,434,panako/baechulsu/clips/20260105/clip_002219_6657000.mp3
9,6552.408,6567.848,15.44,387,panako/baechulsu/clips/20260105/clip_002224_6672000.mp3
10,6995.544,7015.016,19.47,287,panako/baechulsu/clips/20260105/clip_002332_6996000.mp3
10,7007.576,7023.6,16.02,409,panako/baechulsu/clips/20260105/clip_002335_7005000.mp3
10,7010.584,7029.928,19.34,216,panako/baechulsu/clips/20260105/clip_002337_7011000.mp3
10,7025.904,7043.848,17.94,378,panako/baechulsu/clips/20260105/clip_002342_7026000.mp3
10,7033.432,7050.36,16.93,483,panako/baechulsu/clips/20260105/clip_002344_7032000.mp3
10,7037.464,7056.776,19.31,897,panako/baechulsu/clips/20260105/clip_002346_7038000.mp3
10,7049.4,7068.992,19.59,751,panako/baechulsu/clips/20260105/clip_002350_7050000.mp3
10,7052.504,7071.944,19.44,797,panako/baechulsu/clips/20260105/clip_002351_7053000.mp3
10,7064.561,7083.88,19.32,454,panako/baechulsu/clips/20260105/clip_002355_7065000.mp3
10,7070.457,7089.937,19.48,376,panako/baechulsu/clips/20260105/clip_002357_7071000.mp3
10,7073.393,7092.977,19.58,325,panako/baechulsu/clips/20260105/clip_002358_7074000.mp3
10,7088.808,7107.88,19.07,489,panako/baechulsu/clips/20260105/clip_002363_7089000.mp3
10,7124.464,7143.928,19.46,729,panako/baechulsu/clips/20260105/clip_002375_7125000.mp3
10,7127.616,7146.729,19.11,719,panako/baechulsu/clips/20260105/clip_002376_7128000.mp3
10,7139.472,7158.833,19.36,647,panako/baechulsu/clips/20260105/clip_002380_7140000.mp3
10,7166.688,7185.744,19.06,817,panako/baechulsu/clips/20260105/clip_002389_7167000.mp3
