Query Path,Query Start,Query Stop,Match Path,Match ID,Match Start,Match Stop,Match Score,Time Factor (%),Frequency Factor (%),Seconds with Match (%)
panako/baechulsu/clips/20260105/clip_000005_015000.mp3,0.44,19.68,baechulsu/20260104/mp3/20260104.mp3,20260104,15.584,34.824,285,1.0,1.0,0.95
panako/baechulsu/clips/20260105/clip_000199_597000.mp3,0.696,19.664,baechulsu/20260104/mp3/20260104.mp3,20260104,446.768,465.728,532,1.0,1.0,1.0
panako/baechulsu/clips/20260105/clip_000200_600000.mp3,0.648,19.776,baechulsu/20260104/mp3/20260104.mp3,20260104,449.72,468.848,452,1.0,1.0,1.0
panako/baechulsu/clips/20260105/clip_000203_609000.mp3,0.176,19.208,baechulsu/20260104/mp3/20260104.mp3,20260104,458.256,477.288,469,1.0,1.0,1.0
panako/baechulsu/clips/20260105/clip_000204_612000.mp3,0.104,19.592,baechulsu/20260104/mp3/20260104.mp3,20260104,461.192,480.68,442,1.0,1.0,0.95
panako/baechulsu/clips/20260105/clip_000212_636000.mp3,0.376,19.472,baechulsu/20260104/mp3/20260104.mp3,20260104,485.448,504.544,839,1.0,1.0,1.0
panako/baechulsu/clips/20260105/clip_000206_618000.mp3,0.28,19.424,baechulsu/20260104/mp3/20260104.mp3,20260104,467.352,486.496,509,1.0,1.0,1.0
panako/baechulsu/clips/20260105/clip_000208_624000.mp3,0.656,19.44,baechulsu/20260104/mp3/20260104.mp3,20260104,473.736,492.52,644,1.0,1.0,0.95
panako/baechulsu/clips/20260105/clip_000216_648000.mp3,0.136,19.68,baechulsu/20260104/mp3/20260104.mp3,20260104,497.224,516.768,590,1.0,1.0,0.95
panako/baechulsu/clips/20260105/clip_000213_639000.mp3,0.224,19.816,baechulsu/20260104/mp3/20260104.mp3,20260104,488.296,507.888,837,1.0,1.0,1.0
panako/baechulsu/clips/20260105/clip_000214_642000.mp3,0.16,19.248,baechulsu/20260104/mp3/20260104.mp3,20260104,491.24,510.328,743,1.0,1.0,1.0
panako/baechulsu/clips/20260105/clip_000222_666000.mp3,0.128,19.416,baechulsu/20260104/mp3/20260104.mp3,20260104,515.208,534.496,854,1.0,1.0,1.0
panako/baechulsu/clips/20260105/clip_000233_699000.mp3,0.192,19.72,baechulsu/20260104/mp3/20260104.mp3,20260104,548.272,567.8,714,1.0,1.0,1.0
panako/baechulsu/clips/20260105/clip_000231_693000.mp3,0.496,19.448,baechulsu/20260104/mp3/20260104.mp3,20260104,542.568,561.52,666,1.0,1.0,1.0
panako/baechulsu/clips/20260105/clip_000236_708000.mp3,0.112,19.6,baechulsu/20260104/mp3/20260104.mp3,20260104,557.2,576.688,884,1.0,1.0,1.0
panako/baechulsu/clips/20260105/clip_000235_705000.mp3,0.152,19.576,baechulsu/20260104/mp3/20260104.mp3,20260104,554.24,573.664,1008,1.0,1.0,1.0
panako/baechulsu/clips/20260105/clip_000250_750000.mp3,0.224,19.64,baechulsu/20260104/mp3/20260104.mp3,20260104,599.296,618.704,678,1.0,1.0,1.0
panako/baechulsu/clips/20260105/clip_000248_744000.mp3,1.744,19.616,baechulsu/20260104/mp3/20260104.mp3,20260104,594.832,612.704,492,1.0,1.0,1.0
panako/baechulsu/clips/20260105/clip_000244_732000.mp3,0.536,19.744,baechulsu/20260104/mp3/20260104.mp3,20260104,581.608,600.816,289,1.0,1.0,0.95
panako/baechulsu/clips/20260105/clip_000263_789000.mp3,0.168,15.264,baechulsu/20260104/mp3/20260104.mp3,20260104,638.248,653.336,368,1.0,1.0,1.0
panako/baechulsu/clips/20260105/clip_000258_774000.mp3,0.32,19.432,baechulsu/20260104/mp3/20260104.mp3,20260104,623.392,642.504,377,1.0,1.0,0.95
panako/baechulsu/clips/20260105/clip_000261_783000.mp3,0.136,19.128,baechulsu/20260104/mp3/20260104.mp3,20260104,632.224,651.216,507,1.0,1.0,1.0
panako/baechulsu/clips/20260105/clip_000259_777000.mp3,0.096,19.64,baechulsu/20260104/mp3/20260104.mp3,20260104,626.176,645.72,448,1.0,1.0,1.0
panako/baechulsu/clips/20260105/clip_000571_1713000.mp3,11.28,19.72,baechulsu/20260104/mp3/20260104.mp3,20260104,1723.584,1732.032,522,0.999,1.0,1.0
panako/baechulsu/clips/20260105/clip_000573_1719000.mp3,1.312,19.536,baechulsu/20260104/mp3/20260104.mp3,20260104,1719.648,1737.848,876,1.001,1.0,1.0
panako/baechulsu/clips/20260105/clip_000577_1731000.mp3,0.152,19.528,baechulsu/20260104/mp3/20260104.mp3,20260104,1730.464,1749.816,731,1.001,1.0,0.95
panako/baechulsu/clips/20260105/clip_000599_1797000.mp3,0.128,19.416,baechulsu/20260104/mp3/20260104.mp3,20260104,5396.36,5416.448,16,0.959,1.0,0.14
panako/baechulsu/clips/20260105/clip_000596_1788000.mp3,0.248,18.648,baechulsu/20260104/mp3/20260104.mp3,20260104,5387.464,5405.864,1016,1.0,1.0,0.95
panako/baechulsu/clips/20260105/clip_000597_1791000.mp3,0.208,16.824,baechulsu/20260104/mp3/20260104.mp3,20260104,1790.488,1807.104,808,1.0,1.0,0.88
panako/baechulsu/clips/20260105/clip_000948_2844000.mp3,12.824,19.784,baechulsu/20260104/mp3/20260104.mp3,20260104,3054.312,3061.28,163,1.0,1.0,1.0
panako/baechulsu/clips/20260105/clip_000952_2856000.mp3,0.8,19.288,baechulsu/20260104/mp3/20260104.mp3,20260104,3054.312,3072.808,483,1.0,1.0,1.0
panako/baechulsu/clips/20260105/clip_000953_2859000.mp3,0.216,19.432,baechulsu/20260104/mp3/20260104.mp3,20260104,3056.736,3075.952,476,1.0,1.0,0.9
panako/baechulsu/clips/20260105/clip_000954_2862000.mp3,0.24,19.688,baechulsu/20260104/mp3/20260104.mp3,20260104,3059.736,3079.184,613,1.0,1.0,1.0
panako/baechulsu/clips/20260105/clip_000956_2868000.mp3,0.16,19.496,baechulsu/20260104/mp3/20260104.mp3,20260104,3065.664,3085.0,544,1.0,1.0,1.0
panako/baechulsu/clips/20260105/clip_000962_2886000.mp3,0.264,19.176,baechulsu/20260104/mp3/20260104.mp3,20260104,3083.768,3102.68,554,1.0,1.0,1.0
panako/baechulsu/clips/20260105/clip_000967_2901000.mp3,0.112,19.544,baechulsu/20260104/mp3/20260104.mp3,20260104,3098.608,3118.04,594,1.0,1.0,1.0
panako/baechulsu/clips/20260105/clip_000968_2904000.mp3,0.168,19.576,baechulsu/20260104/mp3/20260104.mp3,20260104,3101.672,3121.072,401,1.0,1.0,1.0
panako/baechulsu/clips/20260105/clip_000958_2874000.mp3,0.112,19.296,baechulsu/20260104/mp3/20260104.mp3,20260104,3071.624,3090.816,460,1.0,1.0,0.95
panako/baechulsu/clips/20260105/clip_000972_2916000.mp3,0.2,19.512,baechulsu/20260104/mp3/20260104.mp3,20260104,3113.72,3133.024,376,1.0,1.0,0.95
panako/baechulsu/clips/20260105/clip_000975_2925000.mp3,0.096,19.448,baechulsu/20260104/mp3/20260104.mp3,20260104,3122.592,3141.944,325,1.0,1.0,1.0
panako/baechulsu/clips/20260105/clip_000979_2937000.mp3,0.176,19.44,baechulsu/20260104/mp3/20260104.mp3,20260104,3134.664,3153.936,367,1.0,1.0,1.0
panako/baechulsu/clips/20260105/clip_000982_2946000.mp3,0.848,19.72,baechulsu/20260104/mp3/20260104.mp3,20260104,3144.352,3163.224,527,1.0,1.0,0.95
panako/baechulsu/clips/20260105/clip_000985_2955000.mp3,0.848,19.728,baechulsu/20260104/mp3/20260104.mp3,20260104,3153.368,3172.24,643,1.0,1.0,1.0
panako/baechulsu/clips/20260105/clip_000987_2961000.mp3,0.152,19.656,baechulsu/20260104/mp3/20260104.mp3,20260104,3158.656,3178.152,649,1.0,1.0,1.0
panako/baechulsu/clips/20260105/clip_000992_2976000.mp3,0.384,19.688,baechulsu/20260104/mp3/20260104.mp3,20260104,3173.88,3193.184,672,1.0,1.0,1.0
panako/baechulsu/clips/20260105/clip_000989_2967000.mp3,0.16,19.368,baechulsu/20260104/mp3/20260104.mp3,20260104,3164.664,3183.872,694,1.0,1.0,1.0
panako/baechulsu/clips/20260105/clip_000993_2979000.mp3,0.784,18.528,baechulsu/20260104/mp3/20260104.mp3,20260104,3177.28,3195.032,830,1.0,1.0,1.0
panako/baechulsu/clips/20260105/clip_001000_3000000.mp3,0.112,15.592,baechulsu/20260104/mp3/20260104.mp3,20260104,3197.616,3213.088,716,1.0,1.0,1.0
panako/baechulsu/clips/20260105/clip_000996_2988000.mp3,0.152,19.104,baechulsu/20260104/mp3/20260104.mp3,20260104,3185.664,3204.616,802,1.0,1.0,1.0
panako/baechulsu/clips/20260105/clip_001135_3405000.mp3,4.912,19.512,baechulsu/20260104/mp3/20260104.mp3,20260104,3409.464,3424.064,546,1.0,1.0,1.0
panako/baechulsu/clips/20260105/clip_001140_3420000.mp3,0.176,19.648,baechulsu/20260104/mp3/20260104.mp3,20260104,3419.728,3438.944,86,1.013,1.0,0.2
panako/baechulsu/clips/20260105/clip_001148_3444000.mp3,0.36,18.904,baechulsu/20260104/mp3/20260104.mp3,20260104,3443.664,3462.208,790,1.0,1.0,1.0
panako/baechulsu/clips/20260105/clip_001155_3465000.mp3,0.2,19.72,baechulsu/20260104/mp3/20260104.mp3,20260104,3464.504,3484.032,685,1.0,1.0,1.0
panako/baechulsu/clips/20260105/clip_001161_3483000.mp3,0.216,19.664,baechulsu/20260104/mp3/20260104.mp3,20260104,3482.512,3501.96,431,1.0,1.0,1.0
panako/baechulsu/clips/20260105/clip_001160_3480000.mp3,0.144,19.264,baechulsu/20260104/mp3/20260104.mp3,20260104,3479.424,3498.56,437,1.0,1.0,1.0
panako/baechulsu/clips/20260105/clip_001165_3495000.mp3,0.12,19.424,baechulsu/20260104/mp3/20260104.mp3,20260104,3494.416,3513.72,832,1.0,1.0,1.0
panako/baechulsu/clips/20260105/clip_001166_3498000.mp3,0.104,19.696,baechulsu/20260104/mp3/20260104.mp3,20260104,3497.4,3516.992,910,1.0,1.0,1.0
panako/baechulsu/clips/20260105/clip_001177_3531000.mp3,0.416,19.44,baechulsu/20260104/mp3/20260104.mp3,20260104,3530.736,3549.752,564,1.0,1.0,0.95
panako/baechulsu/clips/20260105/clip_001180_3540000.mp3,0.104,19.592,baechulsu/20260104/mp3/20260104.mp3,20260104,3539.408,3558.896,666,1.0,1.0,0.95
panako/baechulsu/clips/20260105/clip_001181_3543000.mp3,1.672,19.2,baechulsu/20260104/mp3/20260104.mp3,20260104,3543.976,3561.504,716,1.0,1.0,1.0
panako/baechulsu/clips/20260105/clip_001178_3534000.mp3,0.24,19.704,baechulsu/20260104/mp3/20260104.mp3,20260104,3533.528,3553.0,628,1.0,1.0,0.95
panako/baechulsu/clips/20260105/clip_001185_3555000.mp3,0.112,19.6,baechulsu/20260104/mp3/20260104.mp3,20260104,3554.416,3573.896,967,1.0,1.0,0.95
panako/baechulsu/clips/20260105/clip_001196_3588000.mp3,0.096,18.832,baechulsu/20260104/mp3/20260104.mp3,20260104,3587.408,3606.152,529,1.0,1.0,1.0
panako/baechulsu/clips/20260105/clip_001199_3597000.mp3,0.168,9.848,baechulsu/20260104/mp3/20260104.mp3,20260104,3596.464,3606.152,269,1.0,1.0,1.0
panako/baechulsu/clips/20260105/clip_001290_3870000.mp3,7.752,19.304,baechulsu/20260104/mp3/20260104.mp3,20260104,574.488,586.04,245,1.0,1.0,0.92
panako/baechulsu/clips/20260105/clip_001301_3903000.mp3,0.712,19.744,baechulsu/20260104/mp3/20260104.mp3,20260104,3931.128,3950.16,624,1.0,1.0,0.95
panako/baechulsu/clips/20260105/clip_001300_3900000.mp3,0.144,19.76,baechulsu/20260104/mp3/20260104.mp3,20260104,3927.552,3947.168,591,1.0,1.0,0.95
panako/baechulsu/clips/20260105/clip_001297_3891000.mp3,0.144,19.624,baechulsu/20260104/mp3/20260104.mp3,20260104,3918.552,3938.048,535,1.0,1.0,0.9
panako/baechulsu/clips/20260105/clip_001308_3924000.mp3,0.248,12.648,baechulsu/20260104/mp3/20260104.mp3,20260104,3951.664,3964.064,415,1.0,1.0,1.0
panako/baechulsu/clips/20260105/clip_001307_3921000.mp3,0.144,15.656,baechulsu/20260104/mp3/20260104.mp3,20260104,3948.56,3964.064,491,1.0,1.0,1.0
panako/baechulsu/clips/20260105/clip_001774_5322000.mp3,0.232,19.488,baechulsu/20260104/mp3/20260104.mp3,20260104,5321.536,5340.776,530,1.0,1.0,0.95
panako/baechulsu/clips/20260105/clip_001775_5325000.mp3,0.176,18.416,baechulsu/20260104/mp3/20260104.mp3,20260104,3464.504,3482.744,542,1.0,1.0,1.0
panako/baechulsu/clips/20260105/clip_001788_5364000.mp3,0.184,17.984,baechulsu/20260104/mp3/20260104.mp3,20260104,3523.512,3541.312,614,1.0,1.0,1.0
panako/baechulsu/clips/20260105/clip_001789_5367000.mp3,0.184,19.68,baechulsu/20260104/mp3/20260104.mp3,20260104,5366.48,5385.976,733,1.0,1.0,1.0
panako/baechulsu/clips/20260105/clip_001798_5394000.mp3,0.128,13.736,baechulsu/20260104/mp3/20260104.mp3,20260104,1793.496,1807.104,653,1.0,1.0,0.86
panako/baechulsu/clips/20260105/clip_001800_5400000.mp3,0.128,17.928,baechulsu/20260104/mp3/20260104.mp3,20260104,5399.416,5417.776,96,0.969,1.0,0.16
panako/baechulsu/clips/20260105/clip_002214_6642000.mp3,6.432,19.224,baechulsu/20260104/mp3/20260104.mp3,20260104,6528.672,6541.464,281,1.0,1.0,0.92
panako/baechulsu/clips/20260105/clip_002217_6651000.mp3,0.144,19.672,baechulsu/20260104/mp3/20260104.mp3,20260104,6531.368,6550.896,304,1.0,1.0,1.0
panako/baechulsu/clips/20260105/clip_002219_6657000.mp3,0.096,19.56,baechulsu/20260104/mp3/20260104.mp3,20260104,6537.32,6556.792,434,1.0,1.0,0.95
panako/baechulsu/clips/20260105/clip_002218_6654000.mp3,0.288,19.312,baechulsu/20260104/mp3/20260104.mp3,20260104,6534.521,6553.536,436,1.0,1.0,1.0
panako/baechulsu/clips/20260105/clip_002225_6675000.mp3,1.384,19.64,baechulsu/20260104/mp3/20260104.mp3,20260104,6556.616,6575.168,58,0.984,1.0,0.16
panako/baechulsu/clips/20260105/clip_002224_6672000.mp3,0.176,15.624,baechulsu/20260104/mp3/20260104.mp3,20260104,6552.408,6567.848,387,1.001,1.0,0.81
panako/baechulsu/clips/20260105/clip_002333_6999000.mp3,9.176,19.48,baechulsu/20260104/mp3/20260104.mp3,20260104,7007.576,7017.888,355,0.999,1.0,1.0
panako/baechulsu/clips/20260105/clip_002332_6996000.mp3,0.144,19.616,baechulsu/20260104/mp3/20260104.mp3,20260104,6995.544,7015.016,287,1.0,1.0,0.45
panako/baechulsu/clips/20260105/clip_002335_7005000.mp3,3.168,19.184,baechulsu/20260104/mp3/20260104.mp3,20260104,7007.576,7023.6,409,1.0,1.0,0.94
panako/baechulsu/clips/20260105/clip_002337_7011000.mp3,0.184,19.64,baechulsu/20260104/mp3/20260104.mp3,20260104,7010.584,7029.928,216,1.005,1.0,0.4
panako/baechulsu/clips/20260105/clip_002342_7026000.mp3,0.6,18.552,baechulsu/20260104/mp3/20260104.mp3,20260104,7025.904,7043.848,378,1.0,1.0,0.94
panako/baechulsu/clips/20260105/clip_002344_7032000.mp3,2.152,19.08,baechulsu/20260104/mp3/20260104.mp3,20260104,7033.432,7050.36,483,1.0,1.0,1.0
panako/baechulsu/clips/20260105/clip_002346_7038000.mp3,0.176,19.488,baechulsu/20260104/mp3/20260104.mp3,20260104,7037.464,7056.776,897,1.0,1.0,0.95
panako/baechulsu/clips/20260105/clip_002350_7050000.mp3,0.128,19.704,baechulsu/20260104/mp3/20260104.mp3,20260104,7049.4,7068.992,751,1.0,1.0,0.9
panako/baechulsu/clips/20260105/clip_002351_7053000.mp3,0.224,19.664,baechulsu/20260104/mp3/20260104.mp3,20260104,7052.504,7071.944,797,1.0,1.0,1.0
panako/baechulsu/clips/20260105/clip_002355_7065000.mp3,0.288,19.608,baechulsu/20260104/mp3/20260104.mp3,20260104,7064.561,7083.88,454,1.0,1.0,0.9
panako/baechulsu/clips/20260105/clip_002358_7074000.mp3,0.096,19.688,baechulsu/20260104/mp3/20260104.mp3,20260104,7073.393,7092.977,325,1.0,1.0,0.95
panako/baechulsu/clips/20260105/clip_002357_7071000.mp3,0.176,19.656,baechulsu/20260104/mp3/20260104.mp3,20260104,7070.457,7089.937,376,1.0,1.0,1.0
panako/baechulsu/clips/20260105/clip_002363_7089000.mp3,0.528,19.608,baechulsu/20260104/mp3/20260104.mp3,20260104,7088.808,7107.88,489,1.0,1.0,1.0
panako/baechulsu/clips/20260105/clip_002376_7128000.mp3,0.344,19.448,baechulsu/20260104/mp3/20260104.mp3,20260104,7127.616,7146.729,719,1.0,1.0,0.95
panako/baechulsu/clips/20260105/clip_002375_7125000.mp3,0.192,19.656,baechulsu/20260104/mp3/20260104.mp3,20260104,7124.464,7143.928,729,1.0,1.0,0.95
panako/baechulsu/clips/20260105/clip_002380_7140000.mp3,0.176,19.536,baechulsu/20260104/mp3/20260104.mp3,20260104,7139.472,7158.833,647,1.0,1.0,0.95
panako/baechulsu/clips/20260105/clip_002388_7164000.mp3,0.184,18.608,baechulsu/20260104/mp3/20260104.mp3,20260104,1763.552,1781.976,896,1.0,1.0,1.0
panako/baechulsu/clips/20260105/clip_002389_7167000.mp3,0.408,19.464,baechulsu/20260104/mp3/20260104.mp3,20260104,7166.688,7185.744,817,1.0,1.0,1.0
